Comentario,Sentimiento
"Me gusta mucho este producto.",Positivo
"No estoy seguro de si me gusta o no.",Neutro
"El servicio al cliente fue excelente.",Positivo
"No me gustó la calidad del producto.",Negativo
"La entrega fue rápida y eficiente.",Positivo
"No tengo opiniones fuertes al respecto.",Neutro
"Este producto no cumplió mis expectativas.",Negativo
"Buena relación calidad-precio.",Positivo
"No tengo quejas sobre este servicio.",Positivo
"Me decepcionó la falta de opciones disponibles.",Negativo
"Es un producto estándar.",Neutro
"¡Excelente trabajo, equipo!",Positivo
"No lo compraría de nuevo.",Negativo
"El diseño es atractivo.",Positivo
"No puedo decir que sea bueno o malo.",Neutro
"La atención al cliente dejó mucho que desear.",Negativo
"Me encanta este lugar.",Positivo
"Podría ser mejor.",Neutro
"No lo recomendaría a otros.",Negativo
"El precio es demasiado alto.",Negativo
"Estoy satisfecho con mi compra.",Positivo
"No tengo ninguna queja en particular.",Neutro
"El producto llegó dañado.",Negativo
"La experiencia fue satisfactoria en general.",Positivo
"No me importaría comprarlo de nuevo.",Neutro
"El servicio fue lento y desorganizado.",Negativo
"Este artículo superó mis expectativas.",Positivo
"No veo ninguna diferencia real.",Neutro
"No me gustó la actitud del personal.",Negativo
"¡Increíble! Definitivamente lo recomendaría.",Positivo
"No estoy emocionado al respecto.",Neutro
"La calidad es pobre.",Negativo
"El servicio al cliente podría mejorar.",Negativo
"Estoy impresionado con la rapidez de entrega.",Positivo
"No tengo ninguna preferencia en particular.",Neutro
"La funcionalidad es limitada.",Negativo
"¡Este producto es genial!",Positivo
"Es decente, pero no es asombroso.",Neutro
"No cumplió con mis expectativas.",Negativo
"La atención al cliente fue amable y servicial.",Positivo
"No me afecta de ninguna manera.",Neutro
"Definitivamente no volvería a comprarlo.",Negativo
"Estoy contento con la compra.",Positivo
"No tengo opiniones sólidas al respecto.",Neutro
"La calidad del servicio es deficiente.",Negativo
"¡Lo amo! ¡Lo compraría de nuevo!",Positivo
"No es mi favorito, pero tampoco es malo.",Neutro
"No recomendaría este producto a nadie.",Negativo
"La experiencia fue satisfactoria.",Positivo
"No tengo mucho que decir al respecto.",Neutro
"No cumplió con mis expectativas.",Negativo
"Buena relación calidad-precio.",Positivo
"No estoy seguro de qué pensar al respecto.",Neutro
"El servicio fue pobre.",Negativo
"Me encanta este producto.",Positivo
"No me importaría usarlo de nuevo.",Neutro
"No recomendaría esto a nadie.",Negativo
"La atención al cliente fue excelente.",Positivo
"No tengo opiniones fuertes al respecto.",Neutro
"No fue lo que esperaba.",Negativo
"La calidad del servicio es excelente.",Positivo
"No tengo ninguna preferencia en particular.",Neutro
"No recomendaría este servicio a otros.",Negativo
"El precio es demasiado alto.",Negativo
"Estoy satisfecho con mi compra.",Positivo
"No tengo ninguna queja en particular.",Neutro
"El producto llegó dañado.",Negativo
"La experiencia fue satisfactoria en general.",Positivo
"No me importaría comprarlo de nuevo.",Neutro
"El servicio fue lento y desorganizado.",Negativo
"Este artículo superó mis expectativas.",Positivo
"No veo ninguna diferencia real.",Neutro
"No me gustó la actitud del personal.",Negativo
"¡Increíble! Definitivamente lo recomendaría.",Positivo
"No estoy emocionado al respecto.",Neutro
"La calidad es pobre.",Negativo
"El servicio al cliente podría mejorar.",Negativo
"Estoy impresionado con la rapidez de entrega.",Positivo
"No tengo ninguna preferencia en particular.",Neutro
"La funcionalidad es limitada.",Negativo
"¡Este producto es genial!",Positivo
"Es decente, pero no es asombroso.",Neutro
"No cumplió con mis expectativas.",Negativo
"La atención al cliente fue amable y servicial.",Positivo
"No me afecta de ninguna manera.",Neutro
"Definitivamente no volvería a comprarlo.",Negativo
"Estoy contento con la compra.",Positivo
"No tengo opiniones sólidas al respecto.",Neutro
"La calidad del servicio es deficiente.",Negativo
"¡Lo amo! ¡Lo compraría de nuevo!",Positivo
"No es mi favorito, pero tampoco es malo.",Neutro
"No recomendaría este producto a nadie.",Negativo
"La experiencia fue satisfactoria.",Positivo
"No tengo mucho que decir al respecto.",Neutro
"No cumplió con mis expectativas.",Negativo
"Buena relación calidad-precio.",Positivo
"No estoy seguro de qué pensar al respecto.",Neutro
"El servicio fue pobre.",Negativo
"Me encanta este producto.",Positivo
"No me importaría usarlo de nuevo.",Neutro
"No recomendaría esto a nadie.",Negativo
"La atención al cliente fue excelente.",Positivo
"No tengo opiniones fuertes al respecto.",Neutro
"No fue lo que esperaba.",Negativo
"La calidad del servicio es excelente.",Positivo
"No tengo ninguna preferencia en particular.",Neutro
"No recomendaría este servicio a otros.",Negativo